"cca","cawt","hyd","msp5_bryo","biofr","miniacina_miniacea_.r.","cyanob","biofv","bi","miniacina_sp_.j.","disporella_novaehollandiae","msp3_sp","sp","msp15_sp","msp12_sp","sowt","tubulipora_sp.","msp20_sp","msp1_ascs","crisia_elongata","msp14_bryo","msp4_ascc","msp9_sp","miniacina_sp_.a.","rdup","msp15_ascc","msp11_ascc","form","msp8_ascc","msp1_ascc","watersipora_subtorquata"
25,45,10,0,10,0,0,0,0,0,0,10,0,0,0,0,0,0,0,0,0,0,0,0,0,0,0,0,0,0,0
34.783,0,13.044,8.695,4.348,13.044,13.044,0,0,0,0,0,0,0,0,0,0,4.348,0,0,0,0,0,0,0,0,0,0,0,0,4.348
37.931,6.897,3.448,0,0,6.897,3.448,0,6.897,0,3.448,6.897,0,0,24.137,0,0,0,0,0,0,0,0,0,0,0,0,0,0,0,0
17.5,0,2.5,42.502,7.5,2.5,0,10,2.5,0,10,0,0,0,2.5,0,0,0,0,0,0,0,0,0,0,0,0,0,0,0,2.5
25.001,55,10,0,0,0,0,0,0,0,0,0,0,0,0,5,0,0,0,0,0,0,5,0,0,0,0,0,0,0,0
22.582,9.677,16.129,3.226,3.226,6.451,6.451,3.226,3.226,0,3.226,0,6.451,0,0,0,0,0,0,0,0,0,0,0,0,0,0,0,3.226,0,0
29.411,20.588,5.883,0,5.883,0,0,2.941,5.883,0,0,2.941,0,0,0,0,0,11.764,0,14.706,0,0,0,0,0,0,0,0,0,0,0
30.555,2.778,19.445,16.667,2.778,8.333,0,2.778,0,0,2.778,0,0,0,0,0,0,0,0,13.889,0,0,0,0,0,0,0,0,0,0,0
33.333,38.095,14.285,4.762,0,0,0,4.762,0,0,0,0,0,0,0,0,0,0,0,0,0,0,0,0,0,0,0,0,0,0,0
25,8.333,12.501,4.166,0,8.333,0,12.501,0,0,0,0,0,0,0,0,0,0,4.166,0,0,0,0,0,0,0,0,0,4.166,0,0
30.303,21.213,0,0,3.031,9.09,0,9.09,0,0,0,3.031,0,0,0,0,0,0,0,24.243,0,0,0,0,0,0,0,0,0,0,0
28.947,5.264,15.789,18.421,2.632,2.632,2.632,2.632,0,0,2.632,0,0,0,0,0,7.894,0,0,10.526,0,0,0,0,0,0,0,0,0,0,0
30.769,30.769,7.692,3.847,7.692,7.692,0,0,0,0,0,11.539,0,0,0,0,0,0,0,0,0,0,0,0,0,0,0,0,0,0,0
21.622,5.406,16.216,21.622,0,0,2.703,8.108,0,0,0,0,0,0,0,0,0,0,10.811,0,0,0,0,0,0,0,0,0,0,0,0
31.818,13.637,0,0,0,0,4.545,0,0,0,0,0,0,0,4.545,0,0,0,0,27.273,0,0,0,0,0,0,0,0,0,0,0
15.909,11.364,6.818,13.636,6.818,6.818,0,4.546,0,0,6.818,9.091,0,0,4.546,0,2.272,0,0,6.818,0,0,0,0,0,0,0,0,0,0,0
16.666,45.834,8.333,0,4.167,4.167,0,4.167,0,0,0,0,0,0,0,0,0,4.167,0,0,0,0,0,0,0,0,0,0,0,0,0
16.668,4.166,8.333,29.168,12.5,0,0,8.333,0,0,0,4.166,8.333,0,0,0,0,0,0,0,0,0,0,0,0,0,0,0,0,0,0
24,36,8,0,8,0,12,0,0,0,0,0,4,0,0,0,0,8,0,0,0,0,0,0,0,0,0,0,0,0,0
12.902,9.678,48.387,3.226,6.452,0,3.226,6.452,0,0,0,3.226,0,0,0,0,0,0,0,0,0,0,0,0,0,0,0,0,0,0,0
30.435,43.479,4.348,4.348,4.348,0,0,0,8.694,0,0,4.348,0,0,0,0,0,0,0,0,0,0,0,0,0,0,0,0,0,0,0
40.907,0,4.547,9.09,9.09,0,0,13.637,0,0,0,0,0,0,0,0,0,4.547,0,0,0,0,0,0,0,0,0,0,0,0,0
20.833,20.833,20.833,0,0,4.167,0,0,8.333,0,4.167,0,0,0,0,4.167,0,0,0,4.167,0,0,0,0,0,0,0,0,0,0,0
21.277,0,2.128,4.255,8.511,6.383,0,0,4.255,0,0,0,0,31.915,0,0,0,8.511,0,12.766,0,0,0,0,0,0,0,0,0,0,0
36.363,45.456,0,0,0,0,0,0,0,0,0,0,0,0,0,0,0,0,13.636,0,0,0,0,0,0,4.545,0,0,0,0,0
61.112,5.554,0,0,0,0,0,27.78,0,0,0,0,0,0,0,0,0,0,0,0,0,0,0,0,0,0,5.554,0,0,0,0
42.307,15.383,7.693,0,0,7.693,0,0,11.537,0,0,7.693,0,7.693,0,0,0,0,0,0,0,0,0,0,0,0,0,0,0,0,0
46.427,0,3.572,0,0,21.429,0,3.572,0,0,0,0,0,3.572,0,0,0,3.572,0,17.857,0,0,0,0,0,0,0,0,0,0,0
35.999,4,0,0,0,4,4,4,4,0,0,4,0,0,0,4,0,0,0,4,0,0,0,0,0,0,0,0,0,0,0
29.168,4.167,12.5,12.5,4.167,4.167,4.167,0,0,0,0,0,4.167,0,0,0,4.167,0,0,8.333,0,0,0,0,0,0,0,0,0,0,0
52.173,4.348,13.042,4.348,8.696,8.696,0,0,0,0,0,0,0,0,0,0,0,0,0,4.348,0,0,0,0,0,0,0,0,0,0,0
14.285,2.858,11.428,14.285,11.428,14.285,0,2.858,2.858,0,0,0,0,0,0,0,0,0,0,14.285,0,5.715,0,0,0,0,0,0,0,0,0
35,45,0,0,0,10,5,0,0,0,0,0,0,0,0,0,0,0,0,0,0,0,0,0,0,0,0,0,0,0,0
16.216,18.919,8.108,13.514,16.216,0,2.703,5.405,0,0,0,0,0,0,0,0,0,0,0,0,0,0,0,0,0,0,5.405,0,0,0,8.108
29.032,3.226,3.226,16.129,9.677,0,9.677,0,0,22.581,0,6.452,0,0,0,0,0,0,0,0,0,0,0,0,0,0,0,0,0,0,0
27.66,10.638,10.638,0,19.149,2.128,8.51,0,0,21.277,0,0,0,0,0,0,0,0,0,0,0,0,0,0,0,0,0,0,0,0,0
11.111,22.222,0,7.407,0,0,22.222,3.704,0,7.407,0,3.704,0,0,11.111,0,0,0,0,11.111,0,0,0,0,0,0,0,0,0,0,0
27.588,10.344,3.448,17.242,10.344,0,3.448,0,0,0,0,0,0,0,3.448,0,0,0,6.896,0,0,0,0,0,0,0,3.448,0,3.448,0,3.448
46.429,0,0,3.571,0,0,3.571,0,0,0,0,0,0,0,28.571,0,0,3.571,0,3.571,0,0,0,0,0,0,0,0,0,0,0
31.818,2.273,2.273,0,4.545,11.364,0,0,0,0,2.273,2.273,0,6.818,0,0,0,4.545,0,0,0,0,0,0,0,0,0,0,0,0,0
18.52,25.927,0,7.407,0,3.703,7.407,0,0,3.703,0,0,0,7.407,0,0,11.11,0,0,0,0,0,0,0,0,0,0,0,0,0,0
32.258,9.677,0,9.677,16.129,0,0,3.226,0,0,0,0,0,0,3.226,0,0,0,0,0,0,12.903,0,0,0,0,0,0,0,0,0
61.537,19.23,0,0,7.693,0,0,0,0,0,0,3.846,0,0,7.693,0,0,0,0,0,0,0,0,0,0,0,0,0,0,0,0
29.73,40.541,8.108,0,10.811,2.703,0,0,0,5.405,0,0,0,0,0,0,0,0,0,0,0,0,0,0,0,0,0,0,2.703,0,0
46.424,3.572,10.714,0,3.572,0,3.572,0,0,0,3.572,3.572,3.572,0,3.572,3.572,0,3.572,0,0,0,0,0,0,0,0,0,0,0,0,0
28.125,12.5,3.125,0,18.75,0,12.5,9.375,0,0,0,0,0,3.125,6.25,0,0,0,0,0,0,0,0,0,0,0,0,0,6.25,0,0
20.93,0,2.326,0,0,0,13.954,9.302,0,0,4.652,25.581,0,0,0,0,0,2.326,0,0,0,0,6.976,0,2.326,0,0,0,0,0,0
14.286,19.048,9.523,7.142,11.905,0,7.142,4.762,0,0,9.523,2.381,2.381,0,4.762,0,0,2.381,0,0,0,0,0,0,0,0,0,0,0,0,0
54.545,31.819,0,0,0,0,9.091,0,0,0,0,0,0,0,0,0,0,0,0,0,0,0,0,0,0,0,0,4.545,0,0,0
48.275,6.896,3.449,0,10.345,0,20.69,0,0,0,0,6.896,0,0,0,0,0,0,0,0,0,0,0,0,0,0,0,0,0,0,0
42.857,7.143,0,0,0,0,14.285,0,0,0,0,10.713,0,0,0,0,0,0,0,0,0,0,0,3.572,0,0,0,3.572,0,0,0
51.351,2.703,8.108,2.703,8.108,5.406,0,0,2.703,18.919,0,0,0,0,0,0,0,0,0,0,0,0,0,0,0,0,0,0,0,0,0
28.571,28.571,7.143,0,3.571,0,10.714,7.143,0,0,0,3.571,0,0,0,3.571,0,0,0,0,0,0,0,0,0,0,0,0,0,7.143,0
25.807,16.13,6.451,0,3.226,0,6.451,0,9.677,0,0,0,0,0,0,0,0,0,0,0,0,0,0,0,0,0,0,0,0,0,0
34.374,9.374,3.125,3.125,6.25,6.25,12.499,6.25,0,3.125,0,0,0,0,6.25,0,0,0,0,0,0,0,0,0,0,0,0,0,0,0,0
27.907,13.953,16.279,2.326,20.929,4.651,2.326,2.326,0,4.651,2.326,0,0,0,0,0,0,0,0,0,0,0,0,0,0,0,0,0,0,0,0
30.432,21.739,8.697,0,0,0,21.739,0,0,0,0,0,0,0,0,0,0,0,0,0,0,0,0,0,0,0,0,0,0,8.697,0
45.454,9.091,4.546,13.635,0,4.546,0,9.091,13.635,0,0,0,0,0,0,0,0,0,0,0,0,0,0,0,0,0,0,0,0,0,0
23.333,26.667,6.667,0,0,0,9.999,3.334,0,0,0,0,0,0,0,0,0,0,0,0,0,0,0,0,3.334,16.666,0,0,0,0,0
28.572,11.904,4.762,7.142,19.049,2.381,2.381,2.381,2.381,4.762,4.762,0,0,0,0,0,2.381,0,0,0,0,0,7.142,0,0,0,0,0,0,0,0
34.483,37.932,3.448,0,6.896,0,6.896,6.896,0,0,0,0,0,0,0,0,0,0,0,0,0,0,0,0,0,0,0,3.448,0,0,0
39.999,16,7.999,0,7.999,4,0,0,4,4,0,0,0,0,0,0,0,0,4,0,4,0,0,0,0,0,0,0,0,0,0
48.718,15.385,0,7.692,0,5.129,2.564,0,2.564,5.129,0,7.692,0,0,0,2.564,0,0,0,0,0,0,0,0,0,0,0,0,0,0,0
23.809,19.048,4.762,2.381,7.143,2.381,2.381,9.524,7.143,0,0,0,0,0,0,0,0,0,0,0,0,0,0,0,0,0,0,0,0,0,4.762
49.997,12.5,0,0,18.749,0,6.251,0,0,0,0,6.251,0,0,0,0,0,0,0,0,0,0,0,0,0,0,0,6.251,0,0,0
36.111,19.444,0,16.667,13.889,0,0,0,0,0,0,0,0,5.556,0,0,0,0,0,0,5.556,0,0,0,0,0,0,0,0,0,0
45.946,2.703,0,13.513,0,21.621,8.108,2.703,0,0,0,0,0,0,0,0,0,0,0,0,0,0,0,5.405,0,0,0,0,0,0,0
35.714,19.048,2.381,14.286,14.286,0,0,2.381,2.381,7.142,0,0,0,0,0,0,0,0,0,0,0,0,0,0,0,0,0,0,0,0,0
49.999,36.363,0,0,4.546,4.546,0,0,0,0,0,0,0,0,0,0,0,0,0,0,0,0,0,0,0,0,0,0,0,0,0
32.258,9.677,3.226,6.452,12.903,0,3.226,3.226,0,0,0,0,0,12.903,12.903,0,0,0,0,0,0,0,0,0,0,0,0,0,0,0,0
38.235,8.824,0,0,5.883,26.47,2.941,5.883,2.941,2.941,0,5.883,0,0,0,0,0,0,0,0,0,0,0,0,0,0,0,0,0,0,0
18.605,11.628,9.302,25.581,4.652,9.302,0,4.652,0,11.628,2.326,0,0,0,0,0,0,0,0,0,0,0,0,0,0,0,0,0,0,0,0
42.855,23.809,0,4.762,0,0,4.762,4.762,0,0,0,0,0,0,0,14.287,0,0,4.762,0,0,0,0,0,0,0,0,0,0,0,0
45.835,8.333,4.167,0,8.333,4.167,0,8.333,0,0,0,0,0,8.333,0,0,0,0,12.5,0,0,0,0,0,0,0,0,0,0,0,0
40,20.001,0,0,3.333,13.332,0,3.333,0,0,0,0,0,16.666,0,0,0,0,0,0,0,0,0,0,0,0,0,0,0,0,0
36.585,7.317,7.317,19.513,7.317,4.879,2.439,2.439,0,7.317,0,0,0,4.879,0,0,0,0,0,0,0,0,0,0,0,0,0,0,0,0,0
39.998,39.998,4.001,4.001,0,0,4.001,0,0,0,0,0,0,0,0,0,0,0,0,0,0,0,0,0,0,0,0,4.001,0,0,0
58.064,3.226,6.451,16.129,0,0,6.451,0,0,3.226,0,0,0,0,0,0,0,0,0,0,0,3.226,0,0,0,0,0,3.226,0,0,0
40.625,6.251,9.375,9.375,6.251,6.251,3.125,0,0,3.125,0,0,0,6.251,3.125,0,0,0,0,0,0,0,0,3.125,0,0,0,0,0,0,0
33.333,5.129,12.821,20.513,0,0,5.129,2.564,0,10.256,0,0,0,0,0,0,0,0,0,0,0,0,0,0,0,0,0,0,0,0,0
45.455,31.82,9.09,0,0,9.09,0,0,0,0,0,0,0,0,0,4.545,0,0,0,0,0,0,0,0,0,0,0,0,0,0,0
37.932,6.897,10.344,20.69,13.792,3.448,3.448,3.448,0,0,0,0,0,0,0,0,0,0,0,0,0,0,0,0,0,0,0,0,0,0,0
57.144,10.715,0,0,3.571,3.571,3.571,0,0,0,0,0,0,0,17.857,0,0,0,0,0,0,0,0,0,0,0,0,3.571,0,0,0
50.001,5.264,7.894,2.632,7.894,7.894,0,7.894,0,0,2.632,2.632,0,0,0,0,0,0,0,0,0,0,0,5.264,0,0,0,0,0,0,0
22.728,54.543,4.546,0,0,0,0,4.546,0,0,0,0,0,0,0,4.546,0,0,0,0,0,0,0,0,0,0,0,0,0,0,0
23.077,19.231,11.538,11.538,11.538,3.846,3.846,7.692,0,0,0,3.846,0,3.846,0,0,0,0,0,0,0,0,0,0,0,0,0,0,0,0,0
45.452,0,9.091,0,9.091,4.546,0,9.091,0,4.546,0,0,0,4.546,0,0,0,0,0,0,0,0,0,0,0,0,0,4.546,0,9.091,0
34.374,6.25,12.499,6.25,3.126,18.75,0,9.373,0,0,0,0,0,0,0,0,0,0,0,0,0,0,0,6.25,0,0,0,0,0,0,3.126
31.998,15.999,4.001,4.001,4.001,4.001,4.001,4.001,0,0,4.001,0,0,0,0,0,0,0,0,0,0,0,0,4.001,0,0,0,0,0,15.999,0
40.624,9.375,12.499,3.125,6.25,0,3.125,3.125,9.375,0,0,0,0,0,0,0,0,0,9.375,0,0,3.125,0,0,0,0,0,0,0,0,0
32.257,6.452,6.452,3.226,0,16.128,0,6.452,0,0,0,0,0,0,3.226,3.226,3.226,0,0,0,0,0,0,0,0,0,0,0,0,3.226,3.226
32.5,22.5,2.5,15,5,15,2.5,0,0,0,2.5,0,0,0,0,0,0,0,0,0,0,0,0,2.5,0,0,0,0,0,0,0
32.142,14.286,14.286,0,0,7.142,0,0,3.572,0,0,0,0,0,0,17.857,0,0,0,0,0,0,0,3.572,0,0,0,0,0,3.572,0
39.474,2.632,7.895,2.632,10.526,2.632,0,5.263,2.632,0,0,0,0,0,0,13.158,0,0,0,0,0,0,0,0,0,0,0,2.632,0,0,0
48.485,3.029,3.029,0,6.062,24.244,0,6.062,0,0,0,3.029,0,0,3.029,0,0,0,0,0,0,0,0,0,0,0,0,3.029,0,0,0
20.833,12.5,8.333,16.667,4.167,6.25,0,2.083,2.083,0,0,0,0,0,2.083,0,0,0,0,0,0,0,0,0,0,0,0,0,0,0,0
27.587,58.619,3.449,0,3.449,6.896,0,0,0,0,0,0,0,0,0,0,0,0,0,0,0,0,0,0,0,0,0,0,0,0,0
19.231,7.692,7.692,0,26.923,34.615,0,0,0,0,0,0,0,0,0,0,0,0,0,0,0,0,0,0,0,0,0,0,0,0,0
21.621,29.73,0,0,2.703,40.541,2.703,0,0,0,0,0,0,0,0,0,0,0,0,0,0,0,0,0,2.703,0,0,0,0,0,0
26.087,34.783,2.174,0,4.347,28.261,0,4.347,0,0,0,0,0,0,0,0,0,0,0,0,0,0,0,0,0,0,0,0,0,0,0
29.412,29.412,0,0,11.765,0,5.882,0,0,0,0,5.882,0,0,0,5.882,0,0,0,0,0,0,0,0,0,0,0,0,0,0,0
19.355,16.129,0,29.032,9.677,0,3.226,0,0,0,3.226,0,0,6.452,3.226,0,0,0,3.226,0,0,3.226,0,0,0,0,0,0,3.226,0,0
29.73,18.919,24.324,2.703,8.108,0,0,8.108,0,0,0,0,0,0,2.703,0,0,0,0,0,0,0,0,0,0,0,0,0,0,0,0
20,34.999,2.5,15,10,0,0,2.5,0,5,0,0,0,0,0,0,0,0,0,0,0,0,0,0,0,0,0,0,0,0,2.5
40,25,5,0,0,5,0,20.001,0,0,0,0,0,0,0,0,0,0,0,0,0,0,0,5,0,0,0,0,0,0,0
10.344,6.896,0,17.241,3.449,3.449,0,0,0,0,0,0,0,10.344,0,0,0,0,3.449,0,0,24.137,0,0,0,0,0,0,6.896,0,0
38.236,20.588,0,14.705,2.941,0,0,0,2.941,0,0,0,0,2.941,8.823,0,0,0,0,0,0,5.883,0,0,0,0,0,0,2.941,0,0
20.929,13.953,0,11.628,4.652,4.652,0,4.652,0,18.605,0,0,0,0,0,0,0,0,0,0,0,13.953,0,0,0,0,0,0,0,0,0
56.001,16.001,0,4,0,4,4,4,0,7.999,0,4,0,0,0,0,0,0,0,0,0,0,0,0,0,0,0,0,0,0,0
9.091,9.091,3.031,3.031,0,24.243,0,0,0,0,0,3.031,0,0,6.06,0,0,0,0,0,0,18.181,0,0,0,0,0,0,9.091,0,0
26.829,14.634,4.878,0,2.439,36.585,0,4.878,4.878,0,0,4.878,0,0,0,0,0,0,0,0,0,0,0,0,0,0,0,0,0,0,0
10.417,12.5,2.083,0,4.167,50,0,4.167,0,0,0,0,0,0,4.167,4.167,0,0,0,0,0,0,0,0,0,0,0,0,0,0,0
32.142,49.999,3.572,0,7.143,0,3.572,0,0,0,0,0,0,0,0,0,0,0,0,0,0,0,0,0,0,0,0,3.572,0,0,0
17.241,17.241,6.897,17.241,24.138,3.448,3.448,0,0,0,0,0,0,10.345,0,0,0,0,0,0,0,0,0,0,0,0,0,0,0,0,0
60,6.667,3.333,6.667,0,13.333,3.333,3.333,0,0,0,0,0,0,0,0,0,0,0,0,0,0,0,0,0,0,0,0,0,0,0
24.389,7.317,7.317,14.634,7.317,9.755,0,2.44,0,17.073,0,0,0,0,4.878,2.44,0,0,0,0,0,0,0,0,0,0,0,0,0,0,0
38.46,23.077,0,3.846,0,3.846,0,3.846,7.693,0,0,0,0,0,0,3.846,3.846,0,0,0,0,0,0,0,0,0,0,0,0,0,0
34.375,18.751,0,15.626,9.375,3.125,0,3.125,0,0,0,0,0,12.5,0,0,0,0,0,0,0,0,0,0,0,0,0,0,3.125,0,0
42.855,5.715,0,8.571,5.715,5.715,0,2.857,0,0,0,2.857,0,0,20,0,0,0,0,0,0,0,0,2.857,0,0,0,0,0,0,0
26.829,0,9.756,21.951,9.756,9.756,0,2.439,0,14.634,0,0,0,0,0,0,0,0,0,0,0,0,0,2.439,0,0,0,0,0,0,0
27.585,41.377,0,0,0,3.449,0,3.449,3.449,3.449,0,0,3.449,0,0,3.449,0,3.449,0,0,0,0,0,0,0,3.449,0,0,0,3.449,0
10,0,0,23.333,13.332,0,0,0,0,3.334,3.334,0,0,3.334,10,6.666,0,0,3.334,0,0,0,0,0,0,0,0,0,0,0,0
28.571,20,0,2.857,5.714,8.571,5.714,0,0,8.571,0,5.714,2.857,0,0,0,0,0,0,0,0,0,0,8.571,0,0,0,0,0,0,0
30.769,0,2.564,15.384,0,2.564,0,2.564,0,23.077,7.693,2.564,0,0,2.564,0,0,0,0,0,0,0,0,0,0,0,0,0,0,0,0
45.454,36.363,0,4.546,0,9.091,0,0,0,0,4.546,0,0,0,0,0,0,0,0,0,0,0,0,0,0,0,0,0,0,0,0
34.375,6.25,18.75,9.375,6.25,0,0,6.25,0,0,0,0,3.125,0,0,0,0,0,0,0,6.25,0,0,0,0,0,0,0,0,0,0
42.857,2.857,8.571,2.857,8.571,20,5.714,0,2.857,0,2.857,2.857,0,0,0,0,0,0,0,0,0,0,0,0,0,0,0,0,0,0,0
21.951,9.756,14.634,12.196,9.756,12.196,0,2.439,0,14.634,2.439,0,0,0,0,0,0,0,0,0,0,0,0,0,0,0,0,0,0,0,0
18.182,68.182,9.091,0,0,0,0,0,0,0,0,0,0,0,0,0,0,0,0,0,0,0,0,0,0,0,0,4.545,0,0,0
30.303,3.031,15.153,0,9.091,9.091,0,0,0,0,0,0,0,0,0,6.06,0,0,3.031,6.06,0,6.06,0,0,0,0,0,0,0,0,0
21.875,6.251,0,0,0,0,0,0,0,0,0,0,9.375,0,12.5,0,0,12.5,0,25.001,0,0,6.251,0,0,3.125,0,0,0,0,0
14.634,0,21.951,9.756,2.439,0,0,0,0,0,0,0,0,0,0,0,2.439,0,0,31.707,0,12.195,0,0,0,4.879,0,0,0,0,0
32,48,12,0,0,0,0,0,4,0,0,0,4,0,0,0,0,0,0,0,0,0,0,0,0,0,0,0,0,0,0
31.25,21.875,12.5,0,9.375,3.125,0,0,0,0,0,0,0,0,0,0,0,0,3.125,6.25,0,0,0,0,0,0,0,0,0,0,0
12.12,18.182,3.029,0,0,0,0,0,3.029,0,0,3.029,0,0,0,0,0,9.091,0,30.304,0,0,0,0,0,0,0,0,0,0,0
15.217,6.521,47.825,2.174,4.348,4.348,0,2.174,2.174,2.174,2.174,0,0,2.174,0,0,0,0,0,6.521,0,0,0,0,2.174,0,0,0,0,0,0
19.232,38.462,3.846,0,3.846,0,0,0,3.846,0,0,3.846,7.692,0,0,3.846,0,0,0,0,0,0,0,0,0,7.692,0,0,0,0,0
35.297,0,5.882,0,5.882,0,0,0,5.882,0,0,5.882,0,0,0,0,5.882,0,0,0,0,5.882,0,0,0,0,0,0,11.766,0,0
22.5,0,0,0,0,0,0,0,0,0,0,0,2.501,0,0,0,0,32.5,0,7.5,0,0,0,0,0,0,0,0,0,0,0
7.895,7.895,21.053,5.263,2.632,2.632,2.632,0,2.632,0,0,0,2.632,0,0,0,0,0,0,23.684,2.632,0,5.263,0,2.632,0,0,0,5.263,0,0
25,53.572,14.285,0,0,0,0,0,0,0,0,0,0,0,3.572,0,0,0,0,0,0,0,0,0,0,0,0,3.572,0,0,0
9.524,4.762,28.572,9.524,0,0,0,0,4.762,0,0,0,4.762,0,0,4.762,0,0,0,0,0,0,0,0,0,0,0,0,0,0,0
16.666,30.555,5.556,0,0,2.778,0,2.778,2.778,0,0,8.333,0,0,5.556,2.778,0,8.333,0,2.778,0,0,0,0,0,0,0,0,0,0,0
29.412,11.765,0,0,2.941,2.941,2.941,2.941,0,2.941,0,0,2.941,0,5.883,0,0,0,2.941,5.883,0,0,17.648,0,0,0,0,0,5.883,0,0
20.001,56,7.999,0,0,0,12,0,0,0,0,0,0,0,0,4,0,0,0,0,0,0,0,0,0,0,0,0,0,0,0
32.143,10.714,21.429,7.143,10.714,0,14.286,0,0,0,0,0,0,0,0,0,0,0,0,0,0,0,0,0,0,0,0,3.571,0,0,0
28.571,7.142,3.572,28.571,0,7.142,17.858,0,0,0,0,0,3.572,0,0,0,3.572,0,0,0,0,0,0,0,0,0,0,0,0,0,0
25,2.083,2.083,47.917,0,4.167,6.25,0,0,2.083,0,0,0,0,0,0,0,0,2.083,0,6.25,0,0,0,0,0,0,0,2.083,0,0
30.001,60,4.999,0,4.999,0,0,0,0,0,0,0,0,0,0,0,0,0,0,0,0,0,0,0,0,0,0,0,0,0,0
17.858,21.429,10.714,3.571,21.429,3.571,0,3.571,0,0,0,0,0,0,0,0,0,0,0,10.714,0,0,0,0,0,0,0,0,0,0,0
24.139,6.897,0,3.448,0,10.344,17.241,0,3.448,0,0,0,10.344,0,3.448,0,17.241,0,0,0,0,0,0,0,3.448,0,0,0,0,0,0
32.5,2.5,0,17.499,7.5,12.5,5,0,0,0,0,0,0,12.5,0,0,7.5,0,0,0,0,0,0,0,0,0,0,0,0,0,2.5
38.71,25.806,0,0,3.226,0,16.129,0,0,0,0,0,3.226,0,0,0,0,0,0,3.226,0,0,0,0,0,0,0,0,0,9.677,0
26.088,17.39,21.739,8.695,0,0,0,8.695,0,0,0,0,0,0,0,4.349,0,0,0,0,0,0,0,0,0,0,0,0,0,0,0
27.027,8.107,0,32.432,0,13.513,2.703,0,0,0,2.703,0,0,0,0,0,5.406,0,2.703,0,0,0,0,2.703,0,0,0,0,0,0,0
11.905,4.762,0,50,2.381,2.381,2.381,0,0,2.381,0,0,0,11.905,0,0,0,0,0,0,4.762,0,0,0,0,0,0,0,2.381,0,0
57.143,25,0,0,0,0,3.571,7.143,0,0,0,0,0,0,0,0,0,0,3.571,0,0,0,0,0,0,0,0,0,0,3.571,0
28.002,12,16.001,0,4,0,8,12,0,0,0,8,0,0,0,0,0,0,4,0,0,8,0,0,0,0,0,0,0,0,0
15.626,31.25,6.249,0,3.125,3.125,6.249,9.375,6.249,0,9.375,6.249,0,0,0,0,3.125,0,0,0,0,0,0,0,0,0,0,0,0,0,0
14.894,2.128,0,19.148,2.128,2.128,4.256,6.382,4.256,0,0,0,0,14.894,0,0,2.128,0,0,0,0,23.404,0,0,0,0,0,0,0,0,0
14.286,47.619,0,0,0,0,4.763,0,0,0,0,0,0,0,0,9.523,0,0,0,0,0,0,0,0,0,0,0,0,0,0,0
21.212,15.152,12.121,6.061,9.091,3.03,0,0,3.03,0,3.03,0,3.03,0,0,18.182,0,0,0,0,0,0,0,0,0,0,0,0,0,0,0
22.222,11.111,13.888,5.556,0,5.556,13.888,0,2.778,2.778,0,0,0,5.556,2.778,0,0,0,0,2.778,0,0,0,0,2.778,0,0,0,0,0,0
13.044,52.174,0,0,0,0,8.695,0,0,0,0,0,0,0,0,26.088,0,0,0,0,0,0,0,0,0,0,0,0,0,0,0
17.392,0,4.348,17.392,8.695,2.174,0,2.174,0,0,0,0,0,41.305,2.174,0,0,0,0,2.174,0,0,0,0,0,0,0,0,0,0,0
21.431,7.143,10.714,3.571,3.571,3.571,3.571,3.571,0,0,0,0,0,0,0,25.003,3.571,0,0,0,0,0,0,0,0,0,0,0,3.571,0,0
10.714,17.858,21.429,0,7.143,0,10.714,0,3.571,0,0,0,7.143,14.285,0,0,0,0,0,0,0,0,0,0,0,0,0,0,0,0,0
34.782,26.087,8.697,0,0,0,4.348,0,13.043,0,0,0,0,0,0,4.348,0,0,8.697,0,0,0,0,0,0,0,0,0,0,0,0
19.512,7.317,0,31.707,7.317,0,4.878,0,0,7.317,0,0,0,12.195,0,0,0,0,0,4.878,2.439,0,0,0,0,0,0,0,0,0,0
20,16,0,16,7.999,4,0,0,11.999,0,4,0,4,0,0,0,4,0,4,0,0,0,0,0,0,0,0,0,0,0,0
23.077,10.256,2.564,7.692,2.564,2.564,5.128,0,0,0,0,7.692,0,10.256,0,0,2.564,0,0,5.128,0,0,0,0,0,0,0,0,0,0,0
31.58,10.526,2.631,21.054,2.631,0,7.894,2.631,0,2.631,5.264,0,2.631,2.631,0,0,0,0,0,0,0,0,0,0,5.264,0,0,0,0,0,2.631
26.47,49.999,2.942,0,5.882,0,8.824,0,0,0,2.942,0,0,0,0,0,0,0,0,0,0,0,0,0,0,0,0,0,0,0,0
10.345,13.794,3.448,10.345,17.242,0,0,0,10.345,0,0,0,0,10.345,0,0,0,0,0,0,0,10.345,10.345,0,0,0,0,0,0,0,0
29.032,22.581,9.677,0,3.226,0,9.677,0,6.451,0,0,0,3.226,0,3.226,3.226,0,0,0,0,0,0,0,0,0,0,0,0,0,0,3.226
20.001,7.499,5,30,7.499,0,2.5,0,2.5,0,9.999,0,2.5,5,0,0,0,0,0,0,2.5,5,0,0,0,0,0,0,0,0,0
29.413,35.295,11.764,0,17.646,5.882,0,0,0,0,0,0,0,0,0,0,0,0,0,0,0,0,0,0,0,0,0,0,0,0,0
11.111,11.111,25.927,3.704,11.111,7.407,0,7.407,3.704,0,0,0,0,0,0,0,0,0,0,0,0,0,0,0,0,0,0,0,11.111,0,0
3.703,25.927,7.407,0,18.518,11.112,3.703,11.112,11.112,7.407,0,0,0,0,0,0,0,0,0,0,0,0,0,0,0,0,0,0,0,0,0
22.858,8.572,2.857,8.572,8.572,14.286,2.857,0,8.572,5.715,0,0,0,0,0,0,2.857,0,0,0,5.715,0,0,2.857,0,0,0,0,0,0,0
9.091,77.275,0,0,0,0,4.545,0,0,0,0,0,0,0,4.545,0,0,0,0,4.545,0,0,0,0,0,0,0,0,0,0,0
20.834,8.333,0,12.499,8.333,0,4.167,8.333,4.167,0,0,0,0,0,4.167,0,0,0,0,0,0,0,25,0,0,0,0,0,0,0,0
38.461,12.82,5.129,10.256,0,0,23.076,2.564,2.564,0,0,2.564,0,0,0,0,0,2.564,0,0,0,0,0,0,0,0,0,0,0,0,0
34.146,4.878,7.317,19.512,2.439,4.878,0,2.439,0,4.878,0,0,0,9.757,0,0,0,0,0,0,4.878,0,0,0,0,0,2.439,0,0,0,0
29.032,48.388,3.226,0,0,0,6.451,0,0,0,0,0,0,0,0,0,0,0,0,0,0,0,0,0,0,0,0,0,0,0,0
29.034,19.356,12.903,3.225,0,0,3.225,0,0,0,0,0,0,3.225,0,0,0,0,6.452,0,0,6.452,0,0,3.225,0,0,0,9.677,0,0
24.999,2.778,0,24.999,2.778,0,19.444,0,5.556,0,0,2.778,2.778,0,2.778,0,0,0,0,0,0,0,0,2.778,0,0,0,0,0,0,2.778
21.951,0,4.878,31.707,4.878,9.756,7.317,7.317,2.439,2.439,2.439,0,0,0,0,0,0,0,0,0,2.439,0,0,2.439,0,0,0,0,0,0,0
36.666,40,6.666,0,3.334,0,10.001,3.334,0,0,0,0,0,0,0,0,0,0,0,0,0,0,0,0,0,0,0,0,0,0,0
32.258,25.807,12.903,3.226,0,3.226,0,6.451,0,0,0,0,3.226,0,0,0,0,0,0,0,0,0,0,0,0,0,0,0,0,0,0
30.303,15.151,0,6.06,3.031,15.151,6.06,0,3.031,0,0,3.031,3.031,0,3.031,0,0,0,0,0,0,0,0,0,0,0,0,0,0,0,0
13.636,11.364,6.818,31.818,2.272,4.546,4.546,0,0,18.182,0,0,0,0,0,0,0,0,0,0,0,0,0,2.272,0,0,0,0,0,0,0
11.111,66.666,0,0,0,5.556,5.556,0,0,0,0,0,0,0,0,11.111,0,0,0,0,0,0,0,0,0,0,0,0,0,0,0
20.59,11.765,2.941,20.59,5.882,2.941,11.765,0,2.941,0,0,0,0,0,0,0,0,0,0,0,2.941,0,0,0,0,0,0,0,0,0,0
37.037,11.11,0,3.704,0,7.409,11.11,0,11.11,0,0,0,0,0,0,0,0,0,0,0,0,0,0,3.704,0,0,0,0,0,0,7.409
28.89,2.222,15.556,0,11.111,6.666,6.666,0,6.666,4.445,0,0,0,0,0,0,0,0,0,0,6.666,0,0,2.222,0,0,0,2.222,0,0,0
18.75,43.749,6.25,0,6.25,0,12.502,0,0,0,0,0,6.25,0,0,0,0,0,0,6.25,0,0,0,0,0,0,0,0,0,0,0
37.933,6.897,6.897,0,17.243,6.897,3.448,0,3.448,0,0,0,0,0,0,0,0,0,0,0,0,0,0,0,0,0,0,0,0,0,0
7.407,29.628,7.407,3.704,3.704,11.111,18.519,0,3.704,0,0,0,0,0,0,0,0,7.407,0,0,0,0,0,0,0,0,0,0,0,0,0
28.947,7.895,15.789,5.264,13.157,5.264,5.264,0,0,0,0,0,0,0,0,0,0,2.631,0,0,2.631,0,0,0,0,0,0,0,0,0,5.264
7.999,51.999,4,0,0,0,20,4,0,0,0,0,0,0,0,0,0,0,0,0,0,0,4,0,0,0,0,0,0,0,0
10.715,14.285,0,7.142,10.715,0,10.715,7.142,3.572,0,0,0,0,0,0,0,3.572,0,0,0,0,0,14.285,0,0,0,3.572,0,0,0,0
16.667,9.523,7.142,7.142,0,4.762,19.048,2.381,11.905,0,0,4.762,0,11.905,0,0,0,0,0,2.381,0,0,0,2.381,0,0,0,0,0,0,0
37.777,2.222,2.222,11.111,2.222,4.445,8.888,2.222,0,4.445,2.222,0,0,15.555,0,0,2.222,0,0,0,2.222,2.222,0,0,0,0,0,0,0,0,0
7.999,36,12,0,0,0,12,4,12,0,0,0,4,0,0,4,0,0,0,0,0,0,0,0,0,0,0,0,0,0,0
10,3.333,3.333,13.334,6.667,0,3.333,3.333,6.667,3.333,3.333,0,0,0,6.667,0,0,0,0,0,0,3.333,0,0,0,0,0,3.333,0,0,0
25.001,0,0,6.818,0,11.364,9.091,6.818,4.546,0,0,0,0,0,0,0,0,0,0,0,0,0,22.728,0,0,0,0,0,0,0,0
29.546,6.818,4.545,31.818,0,4.545,2.273,2.273,0,4.545,0,0,0,0,0,0,0,0,0,0,0,0,0,0,0,0,11.363,0,0,0,0
38.095,47.619,0,0,0,0,0,0,0,0,0,4.762,0,0,0,4.762,0,0,0,0,0,0,0,0,0,0,0,4.762,0,0,0
25,9.375,28.125,9.375,0,6.25,0,3.125,6.25,0,0,0,0,0,0,0,3.125,0,0,0,0,0,0,0,0,0,0,6.25,0,0,0
46.875,28.125,0,0,6.25,0,9.375,0,3.125,0,0,0,0,0,0,0,0,0,0,0,0,0,0,0,0,0,0,3.125,0,0,0
35.896,7.692,17.949,10.256,2.564,5.129,2.564,0,0,0,2.564,0,0,0,0,2.564,0,0,0,0,2.564,0,0,0,0,0,0,0,2.564,0,2.564
44.444,27.778,0,0,0,0,0,0,0,0,0,0,5.556,0,0,22.222,0,0,0,0,0,0,0,0,0,0,0,0,0,0,0
14.286,28.571,14.286,3.571,3.571,10.714,0,3.571,7.143,0,0,0,0,0,0,3.571,0,0,0,0,0,7.143,0,0,0,0,0,0,3.571,0,0
11.538,46.154,0,7.692,0,0,7.692,3.846,0,0,0,3.846,0,0,0,3.846,0,0,0,0,0,0,0,0,0,0,0,0,0,0,0
13.953,9.302,6.977,13.953,4.652,16.279,0,0,0,0,4.652,2.325,0,11.628,4.652,0,0,0,0,0,4.652,0,0,0,0,0,0,0,0,0,0
29.167,58.333,4.167,0,0,0,0,0,0,0,0,0,0,0,0,0,0,0,0,0,0,0,0,0,0,0,0,0,0,0,0
20.833,29.167,12.499,4.167,20.833,4.167,0,0,0,0,0,0,0,0,0,0,0,0,0,0,0,4.167,0,0,0,0,0,0,4.167,0,0
28,8.001,3.999,12,3.999,0,3.999,0,16,0,0,0,3.999,0,8.001,8.001,0,0,0,0,0,0,3.999,0,0,0,0,0,0,0,0
18.182,21.212,24.243,15.151,6.061,12.121,0,0,0,0,0,0,0,0,0,0,0,3.031,0,0,0,0,0,0,0,0,0,0,0,0,0
45,40,0,0,0,0,0,5,0,0,0,0,0,0,0,5,0,0,0,0,0,0,0,0,0,0,0,0,0,5,0
34.999,10,10,10,10,0,0,10,0,0,4.999,0,4.999,0,0,0,4.999,0,0,0,0,0,0,0,0,0,0,0,0,0,0
49.996,0,6.251,6.251,0,0,0,0,0,0,0,0,0,6.251,6.251,0,0,0,0,0,0,0,0,0,0,6.251,0,0,0,0,6.251
18.421,2.631,28.948,5.264,10.526,2.631,0,2.631,0,2.631,0,0,7.894,2.631,0,5.264,0,0,0,0,0,0,0,0,0,0,0,2.631,0,0,0
13.636,45.454,0,0,0,0,27.273,9.091,0,0,0,0,0,0,0,0,0,0,0,0,0,0,0,0,4.545,0,0,0,0,0,0
15.385,11.538,3.846,0,34.616,0,15.385,11.538,0,0,0,0,0,0,0,0,0,0,0,0,0,3.846,0,0,0,0,0,3.846,0,0,0
14.634,14.634,0,24.39,0,17.073,9.756,0,12.195,0,2.439,0,0,0,0,0,0,0,0,2.439,0,0,0,0,0,0,0,0,0,0,0
17.022,8.51,4.256,19.149,8.51,4.256,8.51,4.256,0,0,2.127,0,2.127,0,0,0,0,2.127,0,0,10.639,0,0,0,0,0,0,0,0,0,0
21.739,43.477,0,0,4.348,0,21.739,0,0,0,0,0,0,0,0,0,0,0,0,0,0,0,0,0,0,0,0,0,0,0,0
31.819,0,4.545,9.091,9.091,0,4.545,0,9.091,0,0,0,13.636,0,0,0,4.545,0,0,0,0,0,0,0,0,0,9.091,0,0,0,0
11.764,11.764,0,8.823,0,11.764,11.764,0,17.647,2.941,0,0,14.706,0,0,0,2.941,2.941,0,0,0,0,0,0,0,0,0,0,0,0,0
13.158,2.632,13.158,21.053,0,5.263,7.895,5.263,2.632,0,0,0,0,0,0,0,5.263,0,0,0,5.263,0,0,2.632,0,0,5.263,0,0,0,2.632
20.834,45.833,0,0,0,0,16.665,4.167,4.167,0,0,0,0,0,0,0,0,0,0,0,0,0,0,0,0,0,0,0,0,0,0
23.529,5.882,0,14.706,8.824,0,8.824,2.941,11.765,0,0,0,0,0,0,0,0,0,2.941,0,0,2.941,8.824,0,0,0,0,0,0,0,0
14.286,5.714,0,11.429,0,5.714,31.428,0,11.429,0,11.429,2.857,5.714,0,0,0,0,0,0,0,0,0,0,0,0,0,0,0,0,0,0
6.818,15.909,2.273,43.181,4.546,4.546,9.091,9.091,0,2.273,2.273,0,0,0,0,0,0,0,0,0,0,0,0,0,0,0,0,0,0,0,0
26.667,33.334,0,0,3.333,0,10,6.666,0,0,0,0,0,3.333,3.333,3.333,3.333,0,3.333,0,0,0,0,0,0,0,0,0,0,0,0
42.858,4.762,0,0,0,0,0,9.525,4.762,0,4.762,0,4.762,4.762,0,0,0,0,0,0,0,4.762,0,0,0,0,4.762,4.762,0,0,0
19.512,12.194,4.878,24.389,0,4.878,9.755,0,7.316,0,4.878,2.44,2.44,0,2.44,0,0,0,0,0,0,0,0,2.44,0,2.44,0,0,0,0,0
21.276,2.128,2.128,23.403,0,8.51,0,4.256,0,0,4.256,0,0,21.276,0,0,0,0,4.256,0,0,0,0,0,0,0,8.51,0,0,0,0
54.166,20.833,0,0,0,0,0,0,0,0,0,0,0,0,0,0,0,0,0,0,0,0,0,0,4.167,0,0,8.334,0,0,0
57.577,9.091,0,0,6.06,0,9.091,6.06,3.03,0,0,0,6.06,0,0,0,0,0,0,0,0,0,0,0,0,0,0,0,0,0,0
41.666,11.111,0,8.333,0,2.778,0,2.778,0,0,0,0,5.556,0,2.778,0,0,0,0,5.556,2.778,0,0,0,2.778,0,0,0,0,0,0
26.087,8.695,0,26.087,0,19.565,0,0,2.174,4.348,6.522,0,0,2.174,0,0,0,0,0,0,0,2.174,0,0,0,0,0,0,0,0,0
44.737,23.684,5.263,0,0,0,0,0,2.632,0,0,0,0,0,0,0,0,5.263,0,0,0,0,0,0,5.263,0,0,7.895,0,0,0
53.844,7.692,0,3.847,11.538,0,3.847,3.847,0,0,0,0,3.847,3.847,0,0,0,3.847,0,0,0,3.847,0,0,0,0,0,0,0,0,0
38.89,30.556,0,2.777,0,5.556,2.777,0,2.777,0,0,0,0,2.777,0,0,0,0,0,0,5.556,0,0,0,0,0,0,0,0,0,2.777
19.513,17.073,0,2.439,7.317,7.317,0,2.439,0,0,2.439,2.439,4.879,19.513,0,0,2.439,0,0,0,0,0,0,0,2.439,0,0,0,0,0,0
11.538,57.692,0,0,0,0,3.846,3.846,0,0,0,0,7.692,0,0,0,0,3.846,0,0,0,0,0,0,0,0,0,0,0,3.846,0
29.999,5,0,0,10.001,0,0,5,5,0,10.001,0,5,0,0,0,0,0,0,5,0,0,0,0,10.001,0,0,0,0,0,0
48.781,9.756,0,7.316,0,9.756,0,2.439,2.439,0,4.878,2.439,0,0,0,0,0,2.439,0,0,2.439,0,0,2.439,4.878,0,0,0,0,0,0
26.666,20,0,13.333,6.667,15.556,0,2.223,0,2.223,6.667,0,0,0,0,0,2.223,0,0,0,0,0,0,0,0,0,0,0,0,0,4.444
33.333,33.333,4.167,0,0,0,8.333,4.167,4.167,0,0,0,4.167,0,0,0,0,0,0,0,0,0,0,0,4.167,0,0,0,0,4.167,0
23.333,13.333,0,0,0,3.333,20.001,3.333,0,0,0,0,0,0,0,3.333,0,0,0,0,0,3.333,16.667,0,3.333,0,0,3.333,0,0,0
20.931,0,2.325,2.325,0,2.325,6.977,0,0,2.325,2.325,0,2.325,0,4.652,0,2.325,0,0,0,0,0,13.954,0,0,11.628,0,0,0,0,0
18.749,31.249,0,8.333,4.167,2.084,4.167,6.249,0,2.084,2.084,2.084,2.084,0,0,0,2.084,0,0,0,0,0,0,0,0,0,10.416,0,0,0,4.167
20,56.667,6.667,0,0,0,0,0,0,0,0,0,0,0,0,3.333,0,0,0,0,0,0,0,0,0,0,0,0,0,0,0
38.711,6.451,6.451,3.226,9.677,0,0,6.451,3.226,0,3.226,0,0,0,0,0,0,0,0,0,0,0,0,0,0,0,6.451,0,0,0,0
30.952,16.666,2.381,2.381,0,4.762,4.762,0,2.381,4.762,0,0,0,0,0,0,0,0,0,0,0,0,0,0,0,0,0,0,0,0,0
35.713,4.763,4.763,0,9.523,4.763,4.763,0,0,2.38,2.38,0,0,26.19,0,0,0,0,0,0,0,0,0,0,0,0,0,0,0,0,0
27.586,62.067,3.449,0,0,0,3.449,0,0,0,0,0,0,0,0,0,0,0,0,0,0,0,0,0,3.449,0,0,0,0,0,0
29.629,25.925,0,0,11.111,0,7.407,0,3.704,0,0,0,3.704,3.704,0,0,0,0,3.704,0,0,0,0,0,3.704,0,3.704,0,0,0,0
35.294,17.647,0,2.942,17.647,2.942,0,2.942,8.822,8.822,0,0,0,0,0,0,0,0,0,0,0,0,0,0,0,0,0,0,0,0,0
32.352,5.883,0,2.941,5.883,17.647,11.764,5.883,5.883,5.883,0,0,0,0,0,0,0,0,0,0,0,0,0,0,2.941,0,0,0,0,0,0
37.037,37.037,0,0,3.704,0,7.407,0,0,0,0,0,7.407,0,0,0,0,0,0,7.407,0,0,0,0,0,0,0,0,0,0,0
15.384,15.384,3.847,0,11.539,0,0,0,7.692,0,7.692,0,3.847,0,0,0,0,0,0,0,0,0,0,0,3.847,0,3.847,0,0,0,0
48.717,2.564,0,10.256,7.692,0,0,2.564,2.564,0,2.564,0,2.564,0,0,0,7.692,5.129,2.564,0,0,0,0,0,0,0,0,0,0,0,5.129
24.49,12.245,0,4.082,4.082,0,0,2.041,0,0,14.286,0,2.041,10.204,0,0,8.163,0,0,0,0,0,0,0,2.041,0,0,0,0,0,4.082
40.001,33.334,0,0,0,0,6.667,0,0,0,0,0,0,0,0,0,0,3.333,0,0,0,0,0,0,0,0,0,0,0,0,0
41.176,2.941,5.882,0,2.941,0,5.882,8.824,0,0,5.882,0,0,0,0,0,0,0,0,0,0,8.824,0,0,0,0,0,0,0,0,5.882
27.272,3.031,6.061,0,3.031,9.09,12.121,6.061,3.031,6.061,6.061,0,3.031,3.031,0,0,9.09,0,0,0,0,0,0,0,0,0,0,0,0,0,0
27.499,10,2.501,7.499,5,2.501,2.501,7.499,0,0,7.499,0,2.501,2.501,0,0,15,0,0,0,0,5,0,0,0,0,0,0,0,0,0
27.273,54.545,9.091,0,3.03,0,3.03,0,0,0,0,0,0,0,0,3.03,0,0,0,0,0,0,0,0,0,0,0,0,0,0,0
32.143,28.571,7.143,0,7.143,0,0,3.571,7.143,0,0,0,0,0,0,0,0,0,3.571,0,0,0,0,0,0,0,0,0,3.571,0,0
52.779,13.889,2.778,2.778,0,11.112,5.555,0,5.555,0,0,2.778,0,0,0,0,0,0,0,0,0,0,0,0,0,0,0,0,0,0,0
31.818,22.727,6.818,6.818,13.637,13.637,2.273,0,0,2.273,0,0,0,0,0,0,0,0,0,0,0,0,0,0,0,0,0,0,0,0,0
48,32,4,0,8,0,0,0,0,0,0,0,0,0,0,0,0,4,0,0,0,0,0,0,4,0,0,0,0,0,0
25,18.751,0,0,28.125,0,3.125,3.125,0,0,0,0,0,0,0,0,3.125,0,6.25,0,0,0,0,0,0,0,0,0,0,0,0
33.333,4.762,0,0,4.762,4.762,2.381,0,2.381,0,0,0,0,33.333,0,0,2.381,0,0,0,0,0,0,0,9.524,0,0,0,0,0,0
43.59,7.692,0,2.564,2.564,2.564,0,0,0,12.82,0,0,2.564,17.949,0,0,7.692,0,0,0,0,0,0,0,0,0,0,0,0,0,0
48.147,14.815,0,0,0,0,7.407,0,3.704,0,0,3.704,3.704,0,0,11.111,3.704,0,0,0,0,0,0,0,3.704,0,0,0,0,0,0
42.307,15.384,0,0,3.846,0,0,7.693,3.846,0,3.846,0,3.846,0,0,0,3.846,0,0,0,0,0,0,0,7.693,0,0,0,3.846,0,0
42.858,14.286,0,2.381,0,11.905,0,2.381,9.524,7.143,0,0,0,0,0,0,9.524,0,0,0,0,0,0,0,0,0,0,0,0,0,0
28.205,7.692,2.564,0,12.82,0,0,0,2.564,20.513,7.692,0,0,0,0,0,15.385,0,0,0,0,0,0,0,0,0,0,0,0,0,0
51.613,16.129,9.677,0,0,0,0,3.226,0,0,3.226,0,0,0,0,9.677,0,0,0,0,0,0,0,0,0,0,0,0,0,0,0
14.815,18.519,3.703,0,14.815,3.703,0,0,11.111,0,0,0,0,3.703,0,0,0,0,7.408,0,0,0,0,0,0,0,11.111,0,0,0,0
52.382,9.524,0,0,0,11.904,0,2.381,2.381,0,4.762,2.381,0,0,0,0,4.762,0,0,0,0,0,4.762,0,2.381,0,0,0,0,2.381,0
42.857,19.048,9.524,0,7.143,4.762,4.762,0,2.381,4.762,4.762,0,0,0,0,0,0,0,0,0,0,0,0,0,0,0,0,0,0,0,0
12.5,58.331,8.333,0,0,0,4.167,4.167,0,0,0,0,0,0,0,4.167,0,0,0,0,0,0,0,0,0,0,0,4.167,0,0,4.167
16.666,13.333,0,20,0,3.333,0,3.333,3.333,0,0,0,0,0,0,0,0,0,0,0,6.667,0,0,0,3.333,0,6.667,0,0,6.667,0
29.41,5.883,0,20.588,2.942,5.883,0,2.942,14.705,0,0,8.822,2.942,0,0,0,0,0,0,0,5.883,0,0,0,0,0,0,0,0,0,0
18.182,2.273,2.273,43.182,11.364,6.818,0,0,0,0,2.273,0,0,0,0,0,0,0,0,0,11.364,0,0,0,2.273,0,0,0,0,0,0
20,48.571,5.714,0,2.857,2.857,0,0,0,2.857,0,2.857,0,0,0,0,0,0,0,5.714,0,0,0,0,0,8.571,0,0,0,0,0
23.076,7.692,3.847,15.385,3.847,0,0,0,3.847,0,0,0,0,0,0,0,0,7.692,0,0,3.847,0,11.538,0,0,0,7.692,0,0,0,3.847
27.5,2.5,12.5,27.5,2.5,0,0,0,12.5,0,2.5,2.5,0,2.5,2.5,0,0,2.5,0,0,2.5,0,0,0,0,0,0,0,0,0,0
7.895,0,2.631,13.159,0,5.264,0,0,0,15.79,2.631,0,2.631,2.631,0,0,0,0,0,0,5.264,0,7.895,0,0,0,0,0,0,0,0
27.028,32.434,2.702,2.702,0,0,0,0,5.405,2.702,0,0,0,0,0,2.702,0,0,0,5.405,0,0,2.702,0,0,16.217,0,0,0,0,0
6.666,10,6.666,13.333,6.666,0,3.334,6.666,3.334,10,0,0,0,0,0,0,0,0,0,0,13.333,0,13.333,0,0,0,3.334,0,3.334,0,0
31.818,11.364,6.818,0,2.273,4.546,0,0,4.546,20.454,0,2.273,0,4.546,0,0,0,4.546,0,0,0,0,0,0,0,6.818,0,0,0,0,0
8.333,4.167,0,2.083,0,6.249,0,0,2.083,16.667,2.083,0,0,0,0,0,0,0,0,0,4.167,0,0,0,0,39.583,0,0,0,0,0
30,43.333,16.667,0,0,0,0,0,3.333,3.333,0,0,0,0,0,0,0,0,0,0,0,0,0,0,0,0,0,0,0,0,0
17.242,0,13.792,3.448,6.897,3.448,0,6.897,6.897,0,0,0,0,3.448,0,0,0,0,0,0,6.897,0,0,0,0,0,17.242,0,3.448,0,0
27.084,4.167,2.084,6.25,0,0,0,6.25,4.167,0,0,0,0,0,29.166,0,0,0,0,0,0,0,4.167,0,0,6.25,0,0,0,0,0
12.82,2.564,2.564,23.077,2.564,7.692,0,0,0,5.128,0,0,0,0,2.564,0,0,0,0,0,12.82,0,7.692,0,0,17.949,0,0,0,0,0
14.815,59.259,3.704,0,0,0,0,0,0,0,0,0,7.407,0,0,11.111,0,0,0,0,0,0,0,0,0,0,0,0,0,0,0
11.539,11.539,23.076,11.539,0,3.846,3.846,7.691,3.846,0,0,0,3.846,0,0,0,0,3.846,0,0,3.846,0,0,0,0,0,11.539,0,0,0,0
23.076,12.82,12.82,10.256,0,0,2.564,2.564,20.513,0,0,0,7.692,0,0,0,0,2.564,0,0,2.564,0,0,0,0,0,0,0,0,0,0
15.556,4.445,0,28.888,4.445,17.778,0,6.666,0,15.556,2.222,0,0,0,0,0,0,0,0,0,4.445,0,0,0,0,0,0,0,0,0,0
40,50,10,0,0,0,0,0,0,0,0,0,0,0,0,0,0,0,0,0,0,0,0,0,0,0,0,0,0,0,0
17.242,10.345,6.896,6.896,0,3.448,3.448,0,0,0,0,0,10.345,0,0,0,0,0,17.242,0,3.448,3.448,3.448,0,0,0,3.448,0,10.345,0,0
22.499,12.5,2.5,10,0,5,0,2.5,5,2.5,0,12.5,0,0,0,0,2.5,0,0,0,0,0,0,0,2.5,15,0,0,0,0,2.5
7.316,4.878,0,46.341,7.316,0,0,2.439,0,12.195,2.439,4.878,0,4.878,0,0,0,0,2.439,0,0,0,0,0,0,0,0,0,0,0,0
29.63,40.739,3.704,0,3.704,0,3.704,3.704,3.704,0,0,0,3.704,0,0,0,0,0,0,0,0,0,0,0,0,7.407,0,0,0,0,0
7.692,11.538,7.692,19.23,0,0,0,3.847,0,0,0,0,0,0,0,0,0,3.847,11.538,3.847,0,3.847,11.538,0,0,0,7.692,0,0,0,0
27.5,12.5,0,2.5,0,5,0,0,5,2.5,0,7.499,0,0,2.5,0,0,7.499,2.5,2.5,0,0,0,0,0,17.5,0,0,0,0,0
12.195,2.439,0,4.878,0,2.439,0,7.317,0,31.707,0,0,0,0,0,0,2.439,0,0,0,0,0,0,0,0,0,0,0,0,0,0
40,26.667,16.667,0,0,0,0,3.333,3.333,0,0,3.333,0,0,0,0,0,0,6.666,0,0,0,0,0,0,0,0,0,0,0,0
20.689,13.793,10.345,10.345,6.896,13.793,0,0,17.242,0,0,0,0,0,0,0,0,0,0,0,0,0,0,0,0,0,0,0,0,0,0
29.412,5.882,2.941,8.824,0,14.706,2.941,2.941,2.941,0,0,2.941,5.882,0,2.941,0,0,2.941,0,0,0,0,2.941,0,0,0,0,0,0,0,0
22.449,8.163,2.041,12.245,2.041,4.082,0,2.041,2.041,0,0,0,0,0,0,0,0,0,8.163,0,0,0,0,2.041,0,0,0,0,0,0,0
21.875,37.5,21.875,0,3.125,0,0,0,0,0,0,0,0,0,0,3.125,0,0,9.375,0,0,0,0,0,3.125,0,0,0,0,0,0
14.286,8.571,20,5.714,2.857,2.857,8.571,2.857,0,0,0,2.857,0,0,0,0,0,0,5.714,2.857,0,0,0,0,0,0,5.714,0,17.143,0,0
36.666,20,3.334,6.666,3.334,3.334,0,0,3.334,3.334,3.334,0,0,0,0,0,0,0,0,0,0,0,16.666,0,0,0,0,0,0,0,0
10.256,0,7.692,17.949,7.692,7.692,0,7.692,0,15.385,5.129,2.564,2.564,0,0,0,2.564,0,0,0,7.692,0,0,0,2.564,0,0,0,0,0,2.564
19.999,34.999,0,0,0,5.001,0,0,0,0,0,0,0,0,15,0,0,0,0,5.001,0,0,0,0,0,15,0,0,0,0,0
16.665,10,0,6.666,6.666,3.334,0,3.334,0,0,3.334,0,0,3.334,0,0,10,0,10,0,6.666,10,0,0,0,0,3.334,0,0,0,0
21.212,15.152,12.121,0,0,9.091,6.061,3.03,9.091,3.03,0,0,3.03,0,0,0,0,3.03,0,0,0,0,0,3.03,9.091,0,0,0,0,0,3.03
12.766,0,2.128,29.787,0,2.128,0,4.255,0,2.128,8.511,0,0,0,8.511,0,0,0,0,0,8.511,0,0,0,2.128,4.255,4.255,0,0,0,0
19.231,26.922,11.538,0,3.846,0,0,0,3.846,0,0,0,0,0,0,0,0,3.846,3.846,0,0,0,3.846,0,0,23.077,0,0,0,0,0
3.448,13.794,0,17.242,3.448,0,0,0,0,0,10.345,0,0,3.448,0,0,3.448,0,0,0,3.448,0,0,0,0,3.448,20.689,0,10.345,0,0
20.588,2.941,2.941,5.883,0,8.824,0,0,5.883,2.941,0,2.941,0,0,0,0,0,0,0,2.941,0,0,14.707,0,0,29.412,0,0,0,0,0
11.628,2.325,2.325,37.209,0,2.325,2.325,0,0,11.628,6.977,0,0,4.652,0,0,0,0,0,0,4.652,0,0,0,0,2.325,4.652,0,0,0,0
22.222,37.037,18.519,3.704,0,0,0,7.407,0,0,0,3.704,0,0,0,0,0,0,0,3.704,0,0,0,0,0,3.704,0,0,0,0,0
10.811,5.405,2.703,10.811,0,5.405,2.703,2.703,0,2.703,2.703,0,0,0,0,0,0,0,2.703,0,5.405,0,5.405,0,0,2.703,8.108,0,8.108,0,0
19.443,0,0,2.778,0,2.778,2.778,5.556,0,0,2.778,2.778,2.778,2.778,0,0,2.778,0,0,2.778,0,0,5.556,0,0,19.443,0,0,0,0,0
15.909,4.546,2.272,20.455,2.272,2.272,6.818,4.546,0,0,15.909,0,0,0,0,0,0,0,0,0,0,0,0,0,0,4.546,6.818,0,6.818,0,0
52.778,19.444,2.778,2.778,5.556,5.556,0,0,2.778,5.556,0,0,0,0,0,0,0,0,0,0,0,0,0,0,0,0,0,0,0,2.778,0
13.637,13.637,18.182,22.727,13.637,0,0,4.545,0,9.09,0,0,4.545,0,0,0,0,0,0,0,0,0,0,0,0,0,0,0,0,0,0
25,10.417,0,39.583,0,8.333,0,0,4.167,4.167,6.25,0,0,0,0,0,0,0,0,0,0,0,0,0,0,0,0,0,0,0,0
11.905,14.286,4.762,50,2.381,0,0,0,0,9.524,2.381,0,0,0,0,0,0,0,0,0,0,0,0,0,0,0,0,0,0,0,0
38.71,22.58,0,6.451,9.677,3.226,0,0,0,3.226,0,0,0,0,0,3.226,0,0,0,0,6.451,0,0,3.226,0,3.226,0,0,0,0,0
18.519,18.519,0,14.814,0,3.704,0,0,3.704,11.111,3.704,0,3.704,0,0,0,0,0,0,0,7.407,0,0,0,0,0,0,0,0,0,0
35.714,2.381,0,0,2.381,7.142,0,4.762,2.381,2.381,2.381,0,0,0,0,0,0,4.762,0,0,0,0,0,0,0,0,0,0,0,0,0
16.279,2.326,0,2.326,2.326,2.326,0,6.976,0,34.883,0,2.326,0,0,11.628,0,0,0,0,0,0,0,0,2.326,0,0,0,0,0,0,0
25,18.75,0,3.125,9.375,6.249,0,3.125,9.375,6.249,3.125,0,0,12.5,0,0,0,0,0,0,0,0,0,0,0,0,0,0,0,3.125,0
7.499,7.499,0,17.5,5,5,0,7.499,2.5,2.5,2.5,17.5,2.5,0,0,0,0,0,2.5,0,0,0,0,0,0,0,0,0,0,0,0
14.286,0,0,0,0,0,0,0,0,2.041,0,69.387,0,0,0,0,0,0,0,0,0,0,0,0,2.041,0,0,0,0,0,0
11.111,0,0,0,0,4.444,0,0,0,6.667,0,55.557,0,0,0,0,2.222,0,0,0,0,0,0,0,0,0,4.444,0,0,0,0
29.032,29.032,3.226,22.581,0,0,0,0,0,0,3.226,0,3.226,0,0,0,0,0,0,0,0,0,0,0,0,0,0,0,0,9.677,0
9.677,25.806,0,48.387,3.226,0,0,3.226,0,0,0,0,0,0,0,0,0,0,0,0,0,0,0,0,0,0,0,0,0,0,3.226
10.639,2.127,0,10.639,0,4.256,0,0,0,0,0,40.425,0,0,2.127,0,0,6.383,0,0,0,2.127,0,0,0,0,0,0,0,0,0
4.167,0,0,25,0,0,0,0,0,4.167,0,25,2.083,0,0,0,0,0,0,0,0,20.833,0,0,0,0,0,0,0,0,0
50,31.819,13.636,0,0,0,0,0,0,0,0,4.546,0,0,0,0,0,0,0,0,0,0,0,0,0,0,0,0,0,0,0
20,4,7.999,20,0,12,4,0,0,4,0,0,0,0,0,0,0,0,0,4,0,0,0,0,0,0,7.999,4,0,0,0
17.5,0,0,17.5,0,5,0,0,0,0,2.5,7.499,0,0,0,0,0,0,0,0,0,0,0,0,0,45,0,0,0,0,0
4.445,0,0,62.221,0,11.111,0,0,4.445,13.333,0,0,0,0,0,0,0,0,0,0,0,0,0,0,2.222,0,0,0,0,0,0
13.636,22.727,4.546,18.181,9.09,0,0,0,0,0,0,0,0,0,0,0,4.546,4.546,4.546,0,0,0,0,0,0,13.636,0,0,0,0,0
18.75,6.25,0,40.624,0,0,0,0,6.25,0,0,0,3.125,0,0,0,0,0,6.25,0,6.25,0,0,0,0,0,0,0,3.125,0,0
4.348,6.521,0,52.175,0,6.521,4.348,0,0,2.174,2.174,0,0,0,0,2.174,15.218,0,0,0,0,0,0,0,0,0,0,0,0,0,2.174
20.001,31.999,0,12,0,0,0,0,0,0,4,0,0,0,0,0,0,8,8,0,0,0,0,0,0,12,0,0,0,4,0
15.151,24.242,0,18.181,0,9.09,3.031,0,0,3.031,0,0,0,0,0,3.031,3.031,6.062,3.031,0,0,0,9.09,0,0,0,0,0,0,0,0
7.144,10.714,7.144,32.143,3.571,0,0,3.571,0,3.571,0,0,0,21.429,0,0,0,0,0,0,0,3.571,3.571,0,0,0,3.571,0,0,0,0
6,0,0,90,0,0,0,0,0,0,0,4,0,0,0,0,0,0,0,0,0,0,0,0,0,0,0,0,0,0,0
2,10,0,76,0,0,0,0,0,0,0,0,0,0,0,0,8,0,0,0,0,0,0,0,0,0,0,0,0,0,0
22.221,16.666,13.889,25,0,0,0,0,2.778,0,0,2.778,0,0,0,0,0,0,2.778,0,0,0,0,0,0,13.889,0,0,0,0,0
12.501,3.125,0,40.626,3.125,3.125,0,0,3.125,9.375,0,0,0,0,0,0,3.125,0,0,0,0,0,0,0,0,9.375,9.375,0,3.125,0,0
22.222,4.445,0,64.444,0,0,0,2.222,0,0,0,2.222,0,0,2.222,0,2.222,0,0,0,0,0,0,0,0,0,0,0,0,0,0
8.333,4.167,0,37.499,0,4.167,2.084,2.084,2.084,0,0,4.167,0,0,0,0,0,0,0,0,4.167,0,0,0,0,0,0,0,0,0,0
22.223,44.445,7.407,7.407,0,3.704,0,3.704,0,0,0,0,0,0,0,0,0,3.704,0,0,0,0,0,0,0,0,0,0,0,7.407,0
13.333,20,20,13.333,0,13.333,3.333,0,0,3.333,0,0,0,0,0,3.333,0,0,0,0,0,0,0,0,0,0,3.333,0,6.667,0,0
13.333,6.667,0,31.111,0,6.667,6.667,2.222,2.222,0,0,2.222,0,0,0,0,0,4.444,0,0,0,0,0,0,0,0,0,0,0,20,0
17.499,5,7.5,14.999,2.5,12.5,0,2.5,0,17.499,0,2.5,0,0,0,0,0,0,0,0,0,0,0,5,0,0,0,0,0,0,0
10.713,39.282,3.572,7.142,0,0,0,0,3.572,0,0,0,3.572,0,0,3.572,0,3.572,3.572,0,0,0,0,0,0,21.428,0,0,0,0,0
5,14.999,5,25,0,14.999,0,5,0,0,0,0,5,0,0,0,0,0,5,5,0,5,0,0,0,0,0,0,0,0,0
10,7.5,0,0,0,10,2.5,0,2.5,5,0,7.5,2.5,0,7.5,0,0,5,0,0,0,0,0,0,0,0,0,0,0,35.001,2.5
5.263,5.263,0,13.158,2.631,21.053,0,2.631,0,28.947,2.631,0,0,0,0,0,0,0,0,0,0,5.263,0,5.263,0,0,0,0,0,0,0
17.646,35.294,2.942,0,0,2.942,11.764,5.882,0,0,0,0,2.942,0,0,11.764,0,0,0,0,0,0,0,0,0,0,0,0,0,8.824,0
12.903,6.451,6.451,6.451,3.226,3.226,6.451,3.226,0,3.226,0,0,0,0,0,0,0,0,0,3.226,0,0,0,0,0,0,9.677,0,0,0,0
24.242,6.06,0,0,3.031,12.122,6.06,0,12.122,6.06,0,3.031,0,15.151,0,0,0,3.031,0,0,0,0,0,0,0,0,0,0,0,3.031,6.06
7.5,5,7.5,5,2.501,7.5,5,7.5,0,5,2.501,2.501,0,17.5,0,0,2.501,0,9.999,0,0,0,0,0,0,0,0,0,0,0,0
30.769,30.769,7.692,0,0,0,11.538,0,0,0,0,0,0,0,0,0,0,3.846,0,0,0,0,0,0,0,0,0,0,0,15.385,0
25,6.25,12.5,9.375,3.125,0,0,0,15.625,3.125,0,0,0,0,0,3.125,0,0,12.5,0,0,0,0,3.125,0,0,3.125,0,0,0,0
22.581,16.128,6.452,19.355,0,6.452,0,0,0,12.903,0,6.452,0,0,3.226,0,0,0,0,0,0,0,0,0,0,0,0,0,6.452,0,0
10.811,5.406,10.811,16.217,0,2.702,0,0,0,10.811,2.702,0,0,2.702,0,2.702,0,0,0,0,0,0,0,2.702,0,0,0,0,21.623,0,0
20.834,45.834,12.499,0,0,0,0,0,0,0,0,0,4.166,0,8.334,0,0,0,0,0,0,0,0,0,0,0,0,4.166,0,0,0
16,12,12,0,4,0,7.999,7.999,20.002,4,0,0,0,4,0,0,0,0,0,0,0,0,0,0,0,0,0,0,0,0,0
14.634,0,2.439,0,0,0,4.878,0,2.439,2.439,2.439,14.634,0,12.195,0,0,0,0,0,0,0,0,21.951,0,0,0,0,0,0,21.951,0
19.999,0,2.857,2.857,8.572,11.429,14.286,0,0,8.572,0,2.857,0,19.999,0,0,0,0,0,0,2.857,0,0,2.857,0,0,0,2.857,0,0,0
29.412,26.471,2.941,0,0,0,2.941,2.941,11.764,0,0,0,8.823,0,0,2.941,0,0,5.882,0,0,0,2.941,0,0,0,0,0,0,0,0
6.896,13.793,17.242,10.345,0,0,0,6.896,6.896,0,3.448,0,3.448,3.448,0,0,0,0,0,0,0,3.448,0,0,3.448,0,0,0,0,0,0
26.19,2.381,2.381,2.381,0,2.381,2.381,0,0,0,4.762,0,0,0,0,0,2.381,0,0,0,0,0,45.238,7.143,0,0,0,0,0,2.381,0
13.333,6.667,0,15.556,4.444,17.778,0,0,0,17.778,8.889,2.222,0,0,4.444,0,0,0,0,0,2.222,0,0,0,0,0,0,2.222,0,0,0
31.248,24.999,6.251,3.125,6.251,3.125,0,0,3.125,0,0,0,6.251,0,0,3.125,0,0,0,0,0,0,0,0,0,9.375,0,0,0,0,0
19.232,7.693,11.539,3.846,3.846,0,0,0,3.846,0,3.846,0,0,3.846,0,3.846,3.846,0,0,0,0,3.846,0,0,0,0,0,0,3.846,0,0
29.73,5.406,0,8.107,2.702,2.702,2.702,2.702,5.406,0,0,0,0,32.433,0,2.702,0,0,0,0,0,0,0,5.406,0,0,0,0,0,0,0
28.948,2.631,0,2.631,2.631,5.264,0,2.631,7.895,23.685,5.264,5.264,0,2.631,0,0,0,0,0,0,0,0,0,2.631,0,0,0,0,0,0,0
16.667,33.333,10,3.334,0,0,0,3.334,0,3.334,0,0,0,0,3.334,10,0,0,0,0,0,0,3.334,0,0,10,0,0,0,0,0
8.823,0,11.764,5.882,5.882,2.941,0,0,8.823,5.882,0,0,0,0,5.882,14.707,0,0,0,0,0,2.941,5.882,0,0,0,0,0,0,0,0
31.707,21.951,7.317,2.439,0,7.317,4.878,2.439,2.439,2.439,0,0,0,0,2.439,0,0,4.878,0,0,2.439,0,0,2.439,0,2.439,0,0,0,2.439,0
13.636,6.818,2.273,11.364,9.091,4.545,4.545,0,2.273,0,6.818,0,6.818,0,0,0,0,0,0,0,2.273,0,15.909,2.273,0,0,0,0,0,0,0
29.167,37.499,0,4.167,0,4.167,0,0,8.333,0,0,0,4.167,0,0,12.5,0,0,0,0,0,0,0,0,0,0,0,0,0,0,0
16.666,8.334,8.334,20.834,4.166,0,8.334,0,0,4.166,0,4.166,4.166,0,0,0,4.166,0,0,12.5,4.166,0,0,0,0,0,0,0,0,0,0
0,10.87,2.174,60.87,0,8.696,8.696,0,0,0,0,2.174,2.174,0,0,0,0,0,0,0,0,0,0,0,0,0,0,0,0,2.174,0
4.444,0,0,84.444,0,0,2.223,0,0,4.444,0,0,0,0,0,0,0,0,2.223,0,0,0,0,2.223,0,0,0,0,0,0,0
26.923,26.923,7.692,7.692,0,0,0,0,0,0,0,0,0,0,0,11.538,0,0,3.846,3.846,0,0,3.846,0,0,0,0,0,0,7.692,0
9.677,19.355,12.904,12.904,0,0,0,0,0,3.226,3.226,0,3.226,29.033,0,0,0,0,3.226,0,0,3.226,0,0,0,0,0,0,0,0,0
13.953,16.279,0,32.557,0,2.326,2.326,0,2.326,2.326,0,0,2.326,0,0,0,0,0,0,0,0,0,0,4.651,2.326,0,0,0,0,0,0
2.083,0,0,89.583,0,0,0,0,4.167,4.167,0,0,0,0,0,0,0,0,0,0,0,0,0,0,0,0,0,0,0,0,0
20,45.714,0,0,0,0,5.714,0,0,2.857,0,0,2.857,0,5.714,0,0,2.857,0,0,0,0,0,0,2.857,0,0,0,0,2.857,0
15.151,15.151,18.182,3.031,6.06,3.031,9.091,0,3.031,0,0,0,0,0,0,0,0,0,6.06,0,0,15.151,0,0,3.031,0,0,0,0,0,0
23.914,2.174,0,26.087,4.348,0,4.348,2.174,2.174,2.174,6.522,0,4.348,0,2.174,0,2.174,2.174,0,0,0,0,0,0,0,0,0,0,0,0,0
0,0,0,70,0,4,0,2,4,2,0,10,0,0,0,0,0,0,0,0,0,0,0,0,0,0,0,0,0,0,0
23.529,23.529,0,14.706,2.941,0,0,2.941,8.824,2.941,0,0,0,0,0,2.941,0,0,0,0,5.882,0,0,0,0,0,0,8.824,0,0,0
24.14,10.344,10.344,6.897,0,0,0,0,0,3.448,0,0,0,3.448,0,0,0,0,0,0,0,6.897,0,0,0,0,0,3.448,0,0,0
16.279,16.279,2.325,23.256,2.325,2.325,2.325,0,0,11.628,4.652,4.652,0,0,0,2.325,2.325,0,0,0,0,0,0,0,2.325,0,0,0,0,0,0
6.382,12.766,0,25.532,0,2.128,4.256,2.128,0,4.256,0,0,0,25.532,0,0,0,0,4.256,0,0,0,0,0,0,0,0,0,0,0,0
15,54.999,15,0,0,0,5.001,0,0,0,0,5.001,0,0,0,0,0,0,0,0,0,0,0,0,0,0,0,0,0,0,0
25.714,8.571,11.429,17.143,2.857,2.857,0,0,0,0,0,0,0,0,0,0,0,2.857,0,0,0,0,0,0,0,0,14.286,2.857,0,0,0
14.286,0,2.857,45.715,0,17.143,2.857,0,0,0,0,0,0,0,2.857,0,0,2.857,0,0,0,0,0,0,0,0,0,0,0,11.428,0
15.556,6.667,8.889,35.556,6.667,2.223,0,4.444,0,6.667,0,0,0,0,0,0,4.444,0,0,4.444,2.223,0,0,0,0,0,0,0,0,0,0
27.586,34.483,3.448,0,3.448,0,3.448,0,0,3.448,0,0,0,0,0,0,0,0,0,3.448,0,0,3.448,0,0,0,0,0,0,17.241,0
32.259,6.451,6.451,12.903,9.677,0,3.226,6.451,0,3.226,0,0,0,0,0,0,3.226,0,0,0,0,0,6.451,0,0,0,0,0,0,0,0
30.554,11.11,0,19.444,0,5.556,0,0,2.778,5.556,0,2.778,2.778,0,5.556,0,2.778,0,0,0,5.556,0,0,5.556,0,0,0,0,0,0,0
0,8.696,4.348,50.001,2.174,6.521,0,0,0,2.174,4.348,2.174,0,0,0,0,4.348,4.348,0,0,8.696,0,0,0,0,0,0,0,0,0,2.174
32.352,20.588,5.882,0,2.941,0,2.941,2.941,11.765,0,0,0,0,5.882,0,0,0,0,2.941,0,0,0,0,0,0,0,0,5.882,0,2.941,0
16.129,3.226,3.226,12.902,3.226,3.226,0,12.902,3.226,0,0,3.226,0,16.129,0,3.226,0,0,0,0,0,9.677,0,0,0,0,0,0,0,0,0
28.125,6.25,0,34.375,0,9.375,0,3.125,0,0,0,0,0,0,3.125,0,0,0,0,3.125,0,0,0,3.125,0,0,0,0,0,0,0
40,2.222,4.445,4.445,4.445,6.667,2.222,2.222,2.222,15.555,0,2.222,0,0,0,0,2.222,0,0,0,0,0,0,4.445,0,0,0,0,0,0,0
37.499,21.875,15.625,0,0,3.125,0,3.125,3.125,0,3.125,0,0,0,0,0,0,0,0,3.125,0,0,0,0,0,0,0,0,0,9.375,0
21.212,12.12,3.031,24.243,0,0,0,0,0,0,3.031,0,0,0,0,0,3.031,3.031,0,0,0,0,0,0,0,0,0,3.031,0,0,0
32.353,8.823,5.883,17.647,0,0,0,0,0,5.883,2.941,5.883,2.941,0,0,0,0,0,0,0,0,0,2.941,5.883,0,5.883,0,0,0,0,0
24.39,2.439,2.439,29.267,2.439,9.756,0,0,0,4.878,2.439,0,2.439,0,4.878,0,0,0,0,0,0,0,2.439,0,0,0,0,2.439,0,0,0
